# source, target, depth
0,4,0.96
0,7,0.12
0,8,0.18
0,9,0.24
0,12,1.32
0,74,0.36
0,75,0.6
0,79,0.24
0,98,0.12
1,0,0.66
1,2,1.62
1,3,0.72
1,4,0.12
1,7,0.9
1,8,1.26
1,10,0.6
1,11,0.6
1,12,0.78
1,74,0.96
1,75,1.5
1,133,2.46
1,134,1.8
2,1,0.42
2,3,0.18
2,7,0.24
2,8,0.12
2,10,0.96
2,11,1.26
2,12,0.48
2,74,2.46
2,75,0.9
2,77,0.72
2,79,0.24
2,81,0.9
2,83,0.48
2,84,0.48
2,133,0.66
2,134,4.74
2,136,0.06
2,144,0.12
2,175,0.3
3,0,0.12
3,1,1.02
3,2,0.24
3,4,0.54
3,7,1.02
3,8,0.36
3,74,1.2
3,75,0.42
3,77,0.84
3,79,0.18
3,98,0.9
3,133,1.62
3,134,4.02
3,175,0.3
4,0,0.78
4,7,0.42
4,8,0.24
4,10,0.24
4,12,0.06
4,16,0.12
4,79,0.36
5,0,0.06
5,1,0.24
5,2,0.06
5,3,1.02
5,4,0.3
5,8,0.6
5,11,0.9
5,74,2.1
5,82,0.36
5,85,0.54
5,133,2.66
5,134,2.58
5,176,0.36
6,0,0.66
6,3,0.9
6,7,0.12
6,11,0.42
6,74,0.66
6,79,0.24
6,83,0.18
6,133,1.08
6,134,5.1
7,5,0.42
8,2,0.12
8,5,0.42
8,75,0.12
8,78,0.42
9,0,0.12
9,1,0.12
9,2,0.9
9,3,0.36
9,7,0.6
9,8,0.36
9,10,0.3
9,12,0.36
9,74,0.6
9,78,0.72
9,84,0.3
9,133,2.16
9,134,4.38
9,175,0.24
10,1,0.06
10,2,0.42
10,5,0.42
10,10,0.84
10,11,0.42
10,79,0.42
11,0,0.12
11,15,0.06
11,133,0.12
12,13,0.06
12,16,0.06
12,117,0.12
12,133,0.18
12,168,0.78
13,123,0.06
13,133,1.14
14,0,0.18
14,13,0.06
14,75,0.24
14,76,0.6
14,78,0.24
14,117,0.6
14,133,0.54
15,18,1.26
15,20,0.72
15,21,0.84
15,173,0.24
15,175,6.24
16,17,1.2
16,19,1.26
16,21,0.24
16,175,4.68
17,18,0.9
17,20,0.06
17,175,5.76
18,17,1.2
18,171,1.68
18,175,5.16
19,17,1.5
19,18,0.18
19,21,0.42
19,22,1.26
20,21,0.18
21,22,0.35
21,23,0.63
23,28,0.06
23,29,0.18
23,30,0.36
23,31,0.06
23,34,0.06
23,99,0.06
23,151,0.06
23,153,0.6
24,25,0.24
24,148,0.06
24,152,0.66
25,152,0.18
25,153,0.3
26,30,0.24
26,154,0.06
27,24,0.42
27,30,0.12
27,31,0.12
27,34,0.06
27,99,0.06
27,127,0.06
27,151,0.06
27,153,0.6
27,154,0.96
28,24,0.06
28,26,0.3
28,28,0.06
28,34,0.06
28,151,0.12
29,28,0.06
29,29,0.3
29,30,0.06
29,147,0.18
29,153,1.2
30,34,0.12
31,34,0.12
31,35,0.18
31,153,0.12
32,25,0.18
32,97,0.54
32,102,0.06
33,24,0.18
33,29,0.18
33,30,0.24
33,32,0.06
33,152,0.18
33,153,0.06
34,32,0.12
34,153,0.24
35,38,0.66
35,42,0.18
35,44,0.54
35,48,0.18
35,49,0.9
35,50,0.42
35,55,0.12
35,58,0.12
35,136,0.18
35,140,0.12
35,143,0.42
35,145,0.72
35,150,0.84
35,151,0.18
36,39,0.06
36,46,0.06
36,51,0.3
36,52,0.06
36,56,0.06
36,100,0.06
36,136,0.06
36,138,0.66
36,139,0.42
36,141,0.06
36,142,0.06
36,145,0.18
36,146,0.18
36,147,0.78
36,176,0.12
37,37,0.06
37,42,0.12
37,44,0.24
37,46,0.18
37,49,0.3
37,52,0.12
37,55,0.06
37,124,0.3
37,138,0.12
37,139,1.02
37,146,0.3
37,147,0.3
37,148,0.18
37,149,0.18
37,150,0.36
38,37,0.06
38,42,0.18
38,73,0.12
38,99,0.06
38,100,0.6
38,126,0.18
38,138,0.48
38,139,0.42
38,142,1.08
38,144,0.12
38,147,0.48
38,148,0.6
38,149,1.44
38,151,0.72
38,152,0.54
38,153,0.3
38,156,0.12
38,162,0.06
39,40,0.42
39,42,0.24
39,46,0.24
39,51,0.12
39,58,0.06
39,59,0.6
39,60,0.54
39,61,0.24
39,63,0.12
39,88,0.42
39,125,0.12
39,138,0.12
39,141,0.6
39,142,0.06
39,144,0.18
39,152,0.12
39,160,0.06
40,42,0.18
40,108,0.12
41,36,0.12
41,38,0.06
41,39,0.12
41,40,1.08
41,41,0.48
41,44,1.02
41,48,0.54
41,49,0.12
41,51,0.42
41,53,0.72
41,55,0.78
41,56,0.24
41,61,0.12
41,62,0.06
41,67,0.18
41,73,0.12
41,87,0.18
41,88,0.9
41,100,0.24
41,102,0.36
41,107,0.06
41,115,0.18
41,125,0.42
41,127,0.06
41,128,0.36
41,129,0.24
41,135,0.36
41,136,0.24
41,139,0.24
41,140,0.06
41,142,1.62
41,143,0.12
41,145,0.18
41,149,0.6
41,150,2.46
41,152,0.54
41,153,0.36
41,168,0.06
42,49,0.06
42,50,1.08
42,51,0.06
42,55,0.3
42,56,0.06
42,57,0.18
42,58,0.06
42,100,0.3
42,142,0.72
42,149,0.24
42,150,0.18
42,151,0.84
43,38,0.66
43,42,0.66
43,45,0.66
43,46,0.06
43,47,0.36
43,48,0.12
43,49,0.96
43,51,0.18
43,52,0.06
43,61,0.24
43,137,0.06
43,138,0.06
43,139,0.06
43,145,0.06
44,38,0.06
44,46,0.12
44,48,0.24
44,61,0.9
44,137,0.12
44,139,0.18
44,142,0.24
45,36,0.24
45,38,0.3
45,47,0.06
45,48,0.66
45,50,0.9
45,52,0.3
45,55,0.3
45,56,0.12
45,57,0.36
45,58,0.42
45,64,0.36
45,88,0.36
45,136,0.12
45,138,1.14
45,139,0.12
45,142,0.6
45,143,0.18
45,144,0.18
45,145,0.42
45,151,0.48
45,152,0.12
46,37,0.12
46,45,0.24
46,50,0.18
46,52,0.06
46,53,0.06
46,58,0.24
46,142,0.48
47,37,0.3
47,43,0.36
47,46,0.48
47,47,0.06
47,48,0.36
47,49,0.54
47,51,0.06
47,52,0.66
47,55,0.06
47,56,0.36
47,59,0.18
47,61,1.02
47,64,0.48
47,79,0.3
47,82,0.12
47,88,0.12
47,100,0.36
47,102,0.12
47,115,0.12
47,128,0.12
47,135,0.06
47,136,0.24
47,138,0.06
47,140,0.06
47,141,1.32
47,142,0.36
47,143,0.6
47,144,0.36
47,145,0.24
47,150,0.48
47,152,0.42
48,36,0.12
48,38,0.66
48,43,0.54
48,46,0.47
48,48,0.12
48,50,0.06
48,51,0.12
48,57,0.12
48,58,0.54
48,61,0.12
48,88,0.06
48,100,0.06
48,147,0.06
48,148,0.12
48,160,0.06
49,36,0.06
49,40,0.36
49,43,0.12
49,45,0.12
49,46,0.06
49,50,0.12
49,58,0.42
49,61,0.3
49,137,0.24
49,138,0.66
49,139,0.36
49,145,0.18
49,150,0.6
49,152,0.12
50,37,0.3
50,40,0.12
50,42,0.12
50,43,0.18
50,44,0.18
50,46,0.3
50,48,0.06
50,56,0.18
50,61,0.12
50,73,0.12
50,99,0.18
50,100,0.06
50,102,0.24
50,128,0.24
50,142,0.36
50,145,0.42
50,150,0.48
50,151,0.78
50,153,0.24
51,37,0.6
51,39,0.24
51,40,0.06
51,45,0.06
51,47,0.18
51,54,0.06
51,55,0.18
51,61,0.06
51,100,0.06
51,111,0.825
51,138,0.54
51,139,0.24
51,142,0.18
51,146,0.06
51,147,0.66
51,149,0.06
51,151,0.3
52,42,0.36
52,44,0.12
52,51,0.225
52,52,0.465
52,58,0.06
52,62,0.12
52,73,0.06
52,100,0.24
52,119,0.06
52,122,1.14
52,125,0.12
52,128,0.3
52,129,0.06
52,138,0.12
52,142,0.18
52,146,0.48
52,149,0.6
52,150,0.54
53,43,0.12
53,88,0.18
53,99,0.24
53,128,0.3
53,129,0.12
53,142,0.66
53,148,0.06
53,150,0.36
53,151,0.12
53,152,0.12
53,153,0.24
54,36,0.24
54,43,0.51
54,46,0.12
54,49,0.18
54,52,0.18
54,53,0.06
54,100,0.06
54,137,0.12
54,139,0.24
54,142,0.06
54,145,0.36
54,146,0.66
54,147,0.78
54,149,0.54
54,150,0.72
54,151,0.06
55,37,0.12
55,39,0.12
55,41,0.06
55,48,0.66
55,53,0.06
55,55,0.06
55,59,0.06
55,83,0.06
55,100,0.06
55,102,0.12
55,122,0.36
55,128,0.3
55,137,0.24
55,138,0.12
55,142,0.36
55,144,0.06
55,146,0.42
55,147,0.36
55,150,0.48
55,151,0.48
55,152,0.54
55,158,0.06
56,36,0.12
56,45,0.24
56,46,0.42
56,50,0.12
56,58,0.3
56,73,0.06
56,100,0.36
56,119,0.06
56,126,0.24
56,138,0.66
56,139,1.08
56,147,0.6
56,149,0.24
56,151,0.3
56,153,0.24
57,36,0.06
57,43,0.42
57,49,0.42
57,50,0.12
57,57,0.18
57,58,0.06
57,62,0.12
57,63,0.12
57,88,0.06
57,100,0.18
57,138,0.24
57,139,0.06
57,145,0.18
57,147,0.06
57,148,0.36
57,150,0.18
57,151,0.06
57,160,0.06
58,40,0.06
58,61,0.06
58,62,0.3
58,65,0.06
58,72,0.12
58,88,0.12
58,142,0.12
58,151,0.24
59,38,0.12
59,42,0.12
59,44,0.12
59,50,0.06
59,61,0.12
59,63,0.12
59,64,0.42
59,72,0.12
59,124,0.06
59,139,0.12
59,142,0.18
60,40,0.12
60,44,0.06
60,45,0.18
60,50,0.06
60,126,0.06
60,137,0.42
60,138,0.54
60,152,0.18
61,44,0.12
61,51,0.06
61,59,0.12
61,60,0.24
61,62,0.18
61,88,0.12
62,40,0.225
62,58,0.18
62,62,0.36
62,138,0.72
62,141,0.36
62,142,0.18
62,144,0.54
62,152,0.06
63,38,0.12
63,46,0.18
63,47,0.06
63,59,0.06
63,138,0.72
63,139,0.42
63,140,0.12
63,143,0.66
63,144,0.06
63,151,0.3
64,62,0.12
64,72,0.24
65,70,0.06
65,142,0.06
66,66,0.18
66,67,0.18
66,68,0.18
66,69,0.18
66,70,0.18
66,71,0.18
66,72,0.18
66,151,0.3
66,153,0.06
66,158,0.36
67,70,0.06
67,127,0.18
67,129,0.24
68,68,0.12
68,88,0.06
69,69,0.12
69,97,0.06
69,99,0.06
69,125,0.06
69,129,0.06
69,139,0.24
70,61,0.06
70,67,0.24
70,72,0.18
70,73,0.3
70,87,0.06
70,88,0.48
70,103,0.06
70,110,0.12
70,127,0.48
70,128,0.9
70,129,1.26
70,150,0.24
70,154,5.52
70,155,1.38
70,157,9.06
70,158,0.96
70,159,16.623
70,160,4.5
70,163,16.26
71,42,0.12
71,47,0.06
71,53,0.36
71,56,0.12
71,72,0.66
71,88,0.78
71,93,0.12
71,96,0.18
71,99,0.66
71,100,0.3
71,101,0.66
71,103,0.78
71,112,0.12
71,113,0.24
71,122,0.48
71,124,0.18
71,125,0.18
71,127,0.48
71,128,1.08
71,129,2.52
71,135,0.12
71,136,0.12
71,142,0.06
71,148,0.06
71,149,0.66
71,150,0.48
71,154,3.54
71,155,0.96
71,156,0.9
71,157,3.0
71,158,0.6
71,160,0.12
71,161,0.42
71,162,0.72
71,164,0.12
71,167,0.06
71,168,0.06
72,0,0.36
72,2,0.3
72,4,0.48
72,7,0.24
72,11,0.12
72,12,0.18
72,14,0.6
72,16,0.9
72,74,0.42
72,75,0.18
72,76,0.42
72,78,0.18
72,79,2.04
72,80,0.54
72,81,0.66
72,82,0.18
72,83,1.32
72,85,0.96
72,89,0.12
72,101,0.18
72,107,0.18
72,115,0.24
72,121,0.06
72,132,1.62
72,133,0.42
72,134,0.3
72,136,0.24
72,143,0.06
72,144,1.5
73,0,0.66
73,4,0.36
73,5,0.18
73,6,0.48
73,7,0.36
73,8,0.12
73,9,0.06
73,10,0.72
73,12,0.42
73,13,0.18
73,74,0.12
73,76,0.36
73,78,0.48
73,79,0.24
73,81,0.3
73,82,0.36
73,130,0.12
73,133,0.66
74,16,0.12
74,74,0.12
74,78,0.06
74,132,0.72
74,133,0.36
74,140,0.3
74,143,0.12
75,76,0.06
75,131,0.12
76,2,0.18
76,3,0.12
76,5,0.12
76,13,0.12
76,16,0.24
76,74,0.12
76,75,0.06
76,78,0.12
76,80,0.12
76,81,0.24
76,98,0.3
76,121,0.06
76,132,0.9
76,133,0.72
76,145,0.06
76,168,0.6
77,3,0.3
77,4,0.24
77,8,0.18
77,10,0.12
77,12,0.36
77,14,0.12
77,16,1.32
77,48,0.06
77,74,0.48
77,75,0.42
77,76,0.24
77,78,0.6
77,81,0.72
77,82,0.12
77,98,0.06
77,121,0.06
77,132,0.24
77,133,0.48
77,134,0.54
77,136,0.12
77,140,0.27
77,141,0.3
77,143,0.36
77,144,0.36
77,175,0.18
78,74,0.12
78,75,0.06
78,78,0.36
78,98,0.36
78,120,0.06
78,121,0.48
78,134,0.06
78,136,0.18
78,145,0.06
78,149,0.18
78,150,0.18
78,156,0.12
78,162,0.12
78,164,0.12
78,165,0.3
78,167,0.36
78,168,0.12
79,74,0.48
79,76,0.18
79,78,0.06
79,82,0.84
79,85,0.18
79,132,0.3
79,133,0.18
79,134,0.18
79,140,0.54
79,143,0.6
79,144,0.06
80,7,0.06
80,48,0.06
80,74,0.6
80,81,0.6
80,83,0.36
80,86,0.42
80,132,0.18
80,133,0.18
80,161,0.12
80,172,0.12
80,175,0.42
80,176,0.96
81,2,0.36
81,64,0.06
81,74,0.72
81,79,0.06
81,84,0.36
81,85,0.48
81,120,0.12
81,134,0.66
81,144,0.48
82,11,0.12
82,88,0.36
82,92,0.42
82,125,0.54
82,134,0.42
82,139,0.3
82,152,0.18
82,159,0.12
82,160,0.18
83,74,0.06
83,81,0.48
84,40,0.3
84,72,0.06
85,40,0.18
85,42,0.12
85,46,0.06
85,53,0.06
85,58,0.12
85,70,0.06
85,72,0.12
85,89,0.12
85,101,0.06
85,103,0.54
85,108,0.54
85,109,0.24
85,113,0.06
85,128,1.02
85,129,0.3
85,142,0.12
85,146,0.12
85,148,0.24
85,151,0.18
85,152,0.48
85,157,2.46
85,158,0.36
85,159,3.66
85,160,0.06
85,163,4.26
86,90,0.06
86,94,0.12
86,95,0.12
86,99,0.06
86,100,0.12
86,112,0.36
87,73,0.06
87,88,0.3
87,89,0.78
87,96,0.06
87,99,0.12
87,104,0.36
87,109,0.3
87,112,0.3
87,113,0.06
87,118,0.12
87,122,0.18
87,125,0.06
87,127,0.18
87,128,0.24
87,146,0.12
88,92,0.06
88,108,0.42
88,109,0.06
88,127,0.54
88,146,0.9
89,73,0.06
89,88,0.48
89,89,0.54
89,95,0.24
89,101,0.12
89,107,0.12
89,122,0.06
89,128,0.06
89,148,0.06
90,27,0.18
90,33,0.3
90,92,0.24
90,97,0.12
90,105,0.06
90,108,0.12
90,109,0.36
90,115,0.12
90,118,0.12
90,127,0.9
90,128,0.12
90,129,0.06
90,147,0.3
90,159,0.06
91,88,0.06
91,101,0.06
91,108,0.42
91,111,0.24
91,122,0.06
91,128,0.12
91,129,0.18
91,146,0.3
91,147,0.18
91,152,0.06
91,153,0.06
91,156,0.06
92,90,0.12
92,101,0.12
92,109,0.12
92,122,0.06
92,127,0.47
92,129,0.06
92,146,0.12
92,147,0.18
92,155,0.06
92,168,0.18
93,53,0.12
93,56,0.12
93,99,0.3
93,101,0.24
93,108,0.12
93,122,0.36
93,124,0.24
93,127,0.36
93,128,0.24
93,146,0.06
93,150,0.12
93,152,0.12
94,88,0.12
94,92,0.06
94,99,0.12
94,109,0.12
94,127,0.66
94,128,0.3
94,129,0.12
94,139,0.12
94,146,0.36
94,147,0.06
94,149,0.12
94,153,0.18
95,8,0.12
95,74,0.06
95,78,0.06
95,83,0.12
95,88,0.24
95,89,0.06
95,100,0.24
95,106,0.06
95,109,0.72
95,120,1.38
95,121,0.36
95,128,0.6
95,129,0.18
95,134,0.42
95,144,0.12
95,146,0.24
95,149,0.18
95,150,0.12
95,153,0.12
96,8,0.12
96,74,0.06
96,78,0.06
96,83,0.12
96,120,1.38
96,121,0.36
96,134,0.42
96,144,0.12
97,37,0.12
97,42,0.24
97,51,0.12
97,52,0.3
97,53,0.36
97,58,0.24
97,64,0.18
97,73,0.18
97,91,0.24
97,99,0.3
97,108,0.36
97,118,0.06
97,122,0.3
97,126,0.18
97,143,0.42
97,146,1.92
97,147,0.18
97,149,0.78
97,150,1.08
97,151,0.48
97,152,0.42
97,153,0.54
97,160,0.12
97,164,0.12
97,167,0.12
98,55,0.06
98,73,0.06
98,88,0.84
98,111,0.12
98,122,0.24
98,128,0.06
98,129,0.12
98,146,0.18
98,157,0.12
99,38,0.12
99,88,0.12
99,97,0.12
99,108,0.06
99,109,0.24
99,125,0.18
99,128,0.3
99,146,0.54
99,147,1.38
99,148,0.36
99,149,0.24
99,150,0.18
99,152,0.06
99,161,0.06
100,88,0.72
100,90,0.18
100,109,0.96
100,128,0.06
100,129,0.24
100,146,0.06
100,153,0.18
101,89,0.06
101,90,0.54
101,92,0.24
101,93,0.42
101,110,0.18
101,112,0.84
101,118,0.42
101,127,0.18
101,147,1.08
101,148,0.42
101,151,0.12
102,89,0.24
102,90,0.3
102,91,0.18
102,92,0.24
102,99,0.06
102,103,0.18
102,104,0.06
102,107,0.72
102,108,0.24
102,109,0.6
102,110,0.12
102,112,0.96
102,113,0.36
102,115,0.6
102,119,0.48
102,146,0.42
102,148,1.32
102,150,0.06
102,151,0.06
102,152,0.6
102,153,0.48
103,90,0.24
103,108,0.3
103,112,0.42
103,115,0.06
103,146,0.42
103,147,0.12
103,148,0.12
104,92,0.12
104,93,0.18
104,95,0.3
104,102,0.24
104,105,0.18
104,110,0.06
104,115,0.36
104,132,0.24
104,146,0.12
104,147,0.3
104,150,0.24
104,165,0.06
105,52,0.36
105,88,0.3
105,90,0.12
105,91,0.12
105,94,0.12
105,102,0.24
105,106,0.06
105,109,0.36
105,127,0.06
105,128,0.3
105,146,0.3
105,147,0.06
105,148,0.18
105,149,0.12
105,167,0.06
106,92,0.12
106,93,0.36
106,95,0.06
106,97,0.3
106,103,0.24
106,104,0.12
106,107,0.42
106,108,0.6
106,110,0.72
106,112,0.18
106,127,0.54
106,128,0.18
106,146,0.12
106,148,0.18
106,156,0.06
106,163,0.3
107,69,0.06
107,71,0.18
108,93,0.12
108,96,0.24
108,104,0.24
108,105,0.3
108,107,0.54
108,108,0.12
108,109,0.42
108,115,0.24
108,118,0.06
108,139,0.06
108,147,0.12
109,52,0.06
109,89,0.06
109,100,0.24
109,101,0.06
109,105,0.12
109,112,0.12
109,115,0.06
109,122,0.24
109,147,0.3
109,149,0.06
110,89,0.06
110,105,0.24
110,118,0.24
110,122,0.12
110,125,0.3
110,127,0.48
110,147,0.06
110,168,0.12
111,89,0.06
111,101,0.06
111,111,0.12
111,119,0.06
111,122,0.42
111,146,0.12
111,153,0.12
111,160,0.06
112,72,0.06
113,116,0.18
113,122,0.66
113,148,0.06
113,164,0.24
114,100,0.06
114,105,0.06
114,106,0.06
114,132,0.3
114,136,0.06
114,140,0.12
114,143,0.18
114,150,0.24
115,111,0.12
115,114,0.06
115,122,0.18
117,16,0.12
117,80,0.12
117,131,0.06
117,145,0.06
118,89,0.24
118,90,0.18
118,91,0.06
118,99,0.12
118,103,0.06
118,104,0.18
118,108,0.12
118,109,0.24
118,127,0.24
118,146,0.42
118,147,0.12
119,48,0.06
119,53,0.06
119,88,0.18
119,95,0.06
119,101,0.42
119,102,0.24
119,105,0.36
119,122,0.24
119,128,0.24
119,129,0.12
119,139,0.36
119,142,0.12
119,146,0.24
119,147,0.54
120,80,0.06
120,83,0.18
120,98,0.48
120,160,0.06
121,78,0.06
121,98,0.06
121,123,0.06
121,133,0.12
121,140,0.18
121,141,0.06
121,145,0.06
122,53,0.06
122,92,0.18
122,93,0.18
122,94,0.12
122,95,0.3
122,96,0.24
122,101,0.18
122,102,0.3
122,105,0.24
122,114,0.06
122,115,0.06
122,119,0.06
122,128,0.24
122,148,0.6
122,152,2.04
122,153,1.2
122,165,0.06
122,167,0.12
123,38,0.06
123,73,0.06
123,112,0.06
123,127,0.24
123,128,0.48
123,139,0.42
123,151,0.3
124,29,0.12
124,42,0.06
124,73,0.12
124,97,0.06
124,99,0.12
124,101,0.24
124,105,0.18
124,115,0.18
124,126,0.12
124,128,0.24
124,139,0.72
124,142,0.6
124,146,0.06
124,147,0.12
124,149,0.72
124,151,0.42
124,161,0.12
125,37,0.06
125,43,0.18
125,56,0.18
125,58,0.3
125,61,0.54
125,121,0.06
125,137,0.36
125,138,0.66
125,139,0.66
125,141,0.18
125,144,0.36
125,145,0.12
125,146,0.06
125,149,0.24
125,150,0.12
126,72,0.06
126,73,0.24
126,88,0.18
126,91,0.42
126,92,0.24
126,93,0.36
126,95,0.12
126,96,0.24
126,97,0.06
126,102,0.12
126,104,0.24
126,108,1.68
126,109,0.3
126,112,0.72
126,122,0.12
126,127,0.3
126,128,0.06
126,129,1.26
126,139,0.42
126,148,0.06
126,151,0.24
126,154,0.765
126,155,0.78
126,157,0.12
126,158,0.3
126,159,0.36
126,163,0.36
127,37,0.12
127,40,0.54
127,47,0.12
127,49,0.12
127,52,0.06
127,55,0.12
127,73,0.66
127,74,0.06
127,88,0.6
127,92,0.48
127,93,0.06
127,99,0.24
127,101,0.48
127,102,0.36
127,103,1.26
127,112,0.24
127,127,0.12
127,128,0.12
127,129,0.72
127,139,0.18
127,142,0.12
127,148,0.18
127,149,0.06
127,154,1.08
127,157,0.72
127,158,0.54
127,160,0.18
127,162,0.24
127,163,0.36
128,44,0.06
128,49,0.18
128,52,0.24
128,68,0.06
128,71,0.18
128,73,0.72
128,88,0.42
128,90,0.06
128,92,0.42
128,95,0.9
128,97,0.3
128,101,0.96
128,102,1.02
128,103,1.02
128,108,0.3
128,112,0.12
128,118,0.24
128,119,0.12
128,124,0.36
128,127,0.6
128,128,0.96
128,129,0.06
128,139,0.06
128,146,0.06
128,148,0.24
128,152,0.54
128,154,0.06
128,157,0.6
128,159,0.36
128,163,0.6
129,78,0.18
129,79,0.06
129,80,0.06
129,81,0.3
129,82,0.06
129,84,0.24
129,86,0.54
129,133,1.38
129,135,0.9
129,136,0.12
129,141,0.18
129,143,0.06
129,144,0.96
129,162,0.18
129,166,0.24
129,168,0.12
129,171,0.36
129,172,1.86
129,174,0.84
129,176,0.24
129,177,0.72
129,180,0.48
129,181,0.24
130,1,0.06
130,3,0.06
130,7,0.18
130,8,0.06
130,11,0.66
130,13,1.08
130,15,0.24
130,16,0.12
130,75,0.12
130,76,0.78
130,81,0.3
130,82,0.12
130,84,0.42
130,90,0.06
130,98,0.06
130,132,0.48
130,133,0.12
130,134,0.48
130,137,0.18
130,138,0.06
130,140,0.12
130,142,0.06
130,143,0.12
130,144,1.68
130,145,0.42
130,148,0.06
130,151,0.06
130,157,0.12
130,160,0.3
130,168,0.18
130,169,0.12
130,172,0.36
130,173,1.44
130,174,1.02
130,175,1.2
130,177,0.06
130,180,4.74
130,181,3.24
130,186,1.44
130,187,4.74
130,192,0.36
131,0,0.18
131,2,0.18
131,8,0.06
131,74,0.06
131,76,0.12
131,78,0.06
131,83,0.9
131,84,0.18
131,85,0.3
131,98,0.42
131,133,1.86
131,138,0.78
131,142,0.06
131,143,0.12
131,144,0.06
131,151,0.12
131,172,0.42
131,173,0.6
131,174,0.24
131,175,0.3
131,178,11.1
131,179,3.66
131,180,2.82
131,181,0.9
131,182,0.3
131,185,0.72
131,186,6.24
131,187,6.24
131,188,0.24
131,189,0.24
131,196,0.18
132,48,0.12
132,80,0.12
132,115,0.18
132,121,0.18
132,123,0.06
132,132,0.24
132,136,1.08
132,141,0.6
132,143,0.36
132,144,0.3
132,145,0.24
132,150,0.78
132,162,0.12
132,166,0.06
132,172,1.08
132,176,0.66
132,177,0.12
132,180,0.18
132,181,0.12
133,37,0.12
133,74,0.24
133,79,0.06
133,81,0.18
133,82,0.12
133,98,0.06
133,115,0.42
133,135,0.36
133,138,0.3
133,140,1.56
133,141,0.42
133,143,1.02
133,144,0.18
133,145,0.24
133,147,0.06
133,150,0.24
133,158,0.72
133,164,0.12
133,168,0.18
133,171,0.48
133,172,0.3
133,176,0.06
133,177,0.24
133,181,1.02
134,55,0.3
134,60,0.12
134,61,0.24
134,84,0.06
134,125,0.12
134,126,0.12
134,135,0.3
134,138,0.24
134,139,0.48
134,140,0.66
134,141,0.36
134,143,0.96
134,144,0.36
134,145,0.18
134,151,0.3
134,153,0.18
134,158,0.54
134,164,0.42
134,167,0.24
134,172,0.36
134,174,0.12
134,180,1.98
134,182,0.12
135,37,0.42
135,52,0.18
135,57,0.12
135,58,0.24
135,64,0.12
135,132,0.12
135,133,0.36
135,134,0.3
135,142,0.12
135,143,0.96
135,144,0.42
135,145,0.12
135,149,0.18
135,150,0.48
135,151,0.42
135,152,0.3
135,177,0.66
135,178,0.3
135,180,1.68
135,186,0.36
135,187,0.06
136,38,0.24
136,55,0.06
136,57,0.12
136,84,0.06
136,89,0.18
136,93,0.12
136,104,0.12
136,108,0.18
136,124,0.3
136,125,0.66
136,126,0.06
136,127,0.18
136,128,0.18
136,134,0.3
136,138,0.06
136,142,0.78
136,147,0.24
136,148,1.26
136,151,0.3
136,152,0.6
136,154,0.12
136,155,0.96
136,156,0.12
136,158,0.24
136,159,2.58
136,163,1.74
136,164,0.12
136,165,0.12
136,167,0.42
136,168,0.24
136,180,0.54
136,183,0.12
136,186,0.18
136,188,0.12
136,190,0.3
136,192,0.12
137,48,0.24
137,63,0.06
137,76,0.12
137,81,0.24
137,121,0.06
137,126,0.36
137,132,0.3
137,136,0.18
137,137,0.06
137,141,0.54
137,144,0.3
137,170,0.06
137,171,0.78
137,172,0.78
137,174,0.18
137,176,0.12
137,177,0.18
137,181,0.24
138,40,0.24
138,48,0.36
138,63,0.18
138,64,0.18
138,79,0.06
138,83,0.3
138,98,0.48
138,120,0.06
138,121,0.06
138,126,0.12
138,135,0.66
138,136,1.02
138,137,0.24
138,138,0.18
138,140,0.54
138,143,0.18
138,144,0.6
138,145,0.12
138,147,0.18
138,154,0.06
138,166,0.3
138,167,0.3
138,168,0.18
138,172,0.24
138,176,0.72
138,177,0.06
138,180,1.26
138,181,0.78
139,60,0.12
139,70,0.18
139,73,0.12
139,88,0.12
139,125,0.18
139,128,0.18
139,133,0.66
139,138,0.12
139,139,0.48
139,147,0.48
139,149,0.66
139,150,0.36
139,151,0.6
139,153,0.12
139,154,0.3
139,155,0.18
139,156,0.12
139,157,0.12
139,158,0.78
139,160,0.24
139,161,0.12
139,162,0.42
139,163,0.12
139,180,0.78
139,181,0.42
139,182,1.32
139,183,0.3
140,36,0.12
140,42,0.12
140,46,0.06
140,53,0.24
140,61,0.12
140,64,0.3
140,76,0.06
140,81,0.06
140,94,0.24
140,100,0.24
140,132,0.24
140,135,0.48
140,137,0.12
140,140,0.24
140,141,0.3
140,142,0.18
140,144,0.6
140,145,0.42
140,147,0.3
140,153,0.12
140,158,0.48
140,160,0.78
140,164,0.12
140,166,0.36
140,167,0.3
140,168,0.18
140,178,0.3
140,180,0.66
140,181,0.24
141,2,0.06
141,36,0.06
141,48,0.24
141,63,0.12
141,64,0.06
141,83,0.24
141,98,0.06
141,120,0.06
141,132,0.18
141,133,0.6
141,134,0.18
141,135,0.12
141,136,0.06
141,137,0.36
141,138,1.86
141,139,0.42
141,140,0.12
141,141,0.6
141,142,0.48
141,143,0.24
141,145,0.18
141,147,0.36
141,152,0.3
141,154,0.36
141,156,0.3
141,159,0.48
141,160,0.24
141,168,0.36
141,171,0.72
141,172,0.54
141,173,0.18
141,174,0.06
141,176,0.3
141,177,0.06
141,178,0.24
141,180,0.66
141,181,0.72
141,187,0.24
142,36,0.18
142,50,0.06
142,55,0.06
142,80,0.12
142,89,0.06
142,100,0.36
142,108,0.3
142,117,0.24
142,133,0.12
142,135,0.24
142,136,0.18
142,137,0.48
142,141,0.06
142,144,0.18
142,147,0.12
142,149,0.66
142,150,0.3
142,152,0.12
142,154,0.3
142,156,0.18
142,162,0.18
142,167,0.12
142,168,0.36
142,180,3.24
143,94,0.24
143,95,0.06
143,99,0.12
143,100,0.66
143,101,0.12
143,103,0.24
143,106,0.12
143,108,0.12
143,118,0.06
143,125,0.06
143,139,0.18
143,145,0.18
143,147,0.36
143,148,0.06
143,149,1.02
143,150,0.42
143,151,0.42
143,152,0.06
143,153,0.48
143,154,0.3
143,155,0.24
143,156,0.36
143,157,0.9
143,158,0.3
143,159,1.92
143,160,0.12
143,161,1.38
143,162,0.3
143,165,0.12
143,181,0.78
143,182,0.24
143,188,0.6
144,52,0.24
144,93,0.3
144,94,0.06
144,104,0.18
144,107,0.12
144,108,0.54
144,110,0.18
144,111,0.06
144,125,0.06
144,128,0.06
144,138,0.12
144,139,1.02
144,143,0.18
144,145,0.72
144,146,0.3
144,148,1.44
144,149,0.42
144,150,0.54
144,151,0.42
144,152,0.3
144,153,0.12
144,154,0.18
144,158,0.06
144,159,1.86
144,163,0.48
144,168,0.18
144,180,0.78
144,183,0.48
145,24,0.06
145,88,0.06
145,91,0.24
145,92,0.06
145,93,0.12
145,100,0.06
145,101,0.06
145,102,0.06
145,105,0.36
145,109,0.18
145,115,0.06
145,127,0.06
145,133,0.3
145,139,0.78
145,142,0.18
145,143,0.36
145,145,0.36
145,146,0.3
145,147,0.9
145,148,0.3
145,149,0.24
145,150,0.78
145,151,0.54
145,152,1.38
145,153,1.44
145,154,0.12
145,156,0.54
145,157,0.24
145,159,0.54
145,160,0.84
145,163,0.6
145,165,0.12
145,182,0.48
145,183,0.18
145,190,0.48
146,36,0.06
146,43,0.3
146,44,0.18
146,47,0.3
146,48,0.12
146,52,0.12
146,55,0.24
146,62,0.18
146,100,0.18
146,103,0.06
146,125,0.06
146,143,0.18
146,145,0.18
146,146,0.3
146,148,0.06
146,149,1.2
146,151,0.18
146,152,0.06
146,153,0.06
146,154,0.42
146,157,0.48
146,159,0.12
146,160,0.66
146,163,0.12
146,164,0.24
146,165,0.18
146,182,0.6
146,186,0.42
147,38,0.24
147,39,0.12
147,42,0.27
147,50,0.06
147,53,0.24
147,55,0.24
147,100,0.36
147,102,0.18
147,126,0.24
147,138,0.18
147,142,0.18
147,145,0.48
147,146,0.78
147,147,0.12
147,148,0.18
147,150,1.68
147,151,0.18
147,154,0.3
147,156,0.24
147,159,0.54
147,160,0.06
147,161,0.12
147,162,0.18
147,163,0.42
147,164,0.12
147,167,0.72
147,180,0.18
147,182,0.6
147,183,1.26
147,189,0.12
148,28,0.12
148,39,0.12
148,52,0.24
148,67,0.06
148,100,0.12
148,104,0.24
148,125,0.54
148,137,0.12
148,138,0.48
148,139,1.68
148,142,0.42
148,146,0.18
148,147,0.54
148,148,0.6
148,149,0.24
148,150,0.66
148,153,0.78
148,154,0.18
148,157,0.12
148,158,0.18
148,159,0.54
148,160,0.96
148,164,0.24
148,165,0.18
148,166,0.12
148,180,0.42
148,182,1.38
148,190,0.18
148,192,0.18
149,35,0.12
149,37,0.48
149,44,0.06
149,52,0.06
149,58,0.18
149,64,0.72
149,73,0.18
149,84,0.18
149,88,0.18
149,92,0.12
149,100,0.3
149,102,0.06
149,104,0.18
149,115,0.18
149,138,1.02
149,139,0.36
149,142,0.12
149,143,0.18
149,144,0.12
149,145,0.12
149,146,0.42
149,147,0.36
149,148,0.96
149,150,0.96
149,151,0.24
149,153,0.6
149,168,0.42
149,180,1.56
149,182,0.54
149,183,0.06
150,31,0.18
150,39,0.12
150,52,0.24
150,88,0.24
150,92,0.3
150,96,0.18
150,101,0.12
150,137,0.3
150,139,0.24
150,142,0.72
150,145,0.36
150,146,0.54
150,147,0.18
150,148,0.84
150,150,0.42
150,151,0.18
150,152,0.06
150,154,0.12
150,157,0.12
150,158,0.18
150,159,0.06
150,160,0.3
150,163,0.36
150,165,0.12
150,180,0.18
150,182,1.26
150,183,0.36
150,184,0.06
150,188,0.06
150,190,0.36
151,49,0.12
151,67,0.18
151,73,0.24
151,88,0.18
151,91,0.42
151,103,0.06
151,127,0.36
151,128,1.5
151,129,0.12
151,139,0.18
151,142,0.48
151,143,0.24
151,145,0.42
151,146,1.74
151,147,0.96
151,148,0.36
151,149,1.92
151,150,0.66
151,151,0.3
151,153,0.42
151,155,0.24
151,157,0.96
151,158,0.24
151,159,0.6
151,160,0.24
151,161,0.3
151,162,0.24
151,163,0.3
151,165,0.06
151,166,0.06
151,167,0.48
151,168,0.24
151,181,4.38
151,183,7.98
151,187,0.72
152,72,0.06
152,88,0.18
152,92,0.12
152,127,0.06
152,129,0.06
152,133,0.66
152,139,0.48
152,142,0.48
152,145,0.06
152,147,0.12
152,148,0.18
152,151,0.06
152,153,0.06
152,154,1.32
152,156,0.06
152,157,1.02
152,158,0.36
152,159,0.42
152,160,0.54
152,163,0.72
152,165,0.18
152,166,0.06
152,167,0.06
152,180,0.3
152,181,0.06
152,182,1.5
152,183,1.8
152,187,0.06
153,39,0.12
153,42,0.06
153,82,0.42
153,88,0.12
153,93,0.18
153,108,0.12
153,125,0.405
153,139,0.06
153,144,0.54
153,146,0.12
153,148,0.06
153,149,0.9
153,150,0.12
153,154,1.26
153,155,0.24
153,157,0.18
153,158,0.18
153,159,0.24
153,161,1.26
153,162,1.185
153,167,0.24
153,168,0.42
153,180,0.84
153,183,0.6
154,72,0.24
154,88,0.24
154,98,0.06
154,103,0.06
154,127,0.06
154,128,0.06
154,129,0.42
154,132,0.12
154,133,0.66
154,134,0.18
154,139,0.24
154,142,0.36
154,145,0.12
154,146,1.5
154,147,1.5
154,148,0.18
154,149,1.08
154,150,0.06
154,152,0.06
154,153,0.78
154,154,1.08
154,155,0.36
154,156,0.06
154,158,0.6
154,159,0.54
154,160,0.12
154,161,0.18
154,163,0.18
154,164,0.3
154,180,1.02
154,181,6.3
154,182,0.3
154,183,1.68
155,52,0.06
155,56,0.24
155,72,0.24
155,73,0.06
155,88,0.12
155,91,0.06
155,103,0.12
155,127,0.06
155,128,0.06
155,129,0.06
155,133,0.18
155,136,0.06
155,139,0.06
155,141,0.12
155,142,0.54
155,145,0.06
155,146,0.18
155,149,0.06
155,151,0.06
155,155,1.02
155,157,1.44
155,159,0.36
155,160,0.66
155,161,0.48
155,162,0.12
155,163,0.06
155,165,0.24
155,180,1.5
155,181,0.42
155,182,1.92
155,183,0.72
156,72,0.72
156,88,0.24
156,129,0.12
156,139,0.66
156,144,0.06
156,146,0.42
156,147,1.08
156,148,0.18
156,149,0.36
156,151,0.12
156,154,0.48
156,155,0.6
156,156,0.24
156,157,0.78
156,158,0.18
156,160,0.18
156,162,0.12
156,163,1.26
156,165,0.18
156,166,0.06
156,167,0.12
156,170,0.12
156,180,0.3
156,181,1.5
156,182,0.06
156,183,2.7
156,189,0.12
156,191,1.2
157,39,0.24
157,72,0.24
157,103,0.12
157,133,0.24
157,135,0.06
157,136,0.06
157,139,0.12
157,142,0.48
157,145,0.24
157,146,0.12
157,148,1.02
157,149,0.06
157,150,0.78
157,151,0.48
157,153,0.54
157,154,1.08
157,155,0.54
157,157,0.3
157,158,1.14
157,159,0.84
157,160,0.06
157,161,0.3
157,162,0.36
157,163,1.02
157,165,0.12
157,166,0.12
157,180,0.48
157,182,3.9
157,183,1.62
157,186,0.06
157,190,0.66
158,27,0.12
158,44,0.06
158,82,0.06
158,88,0.12
158,100,0.06
158,103,0.12
158,146,0.06
158,149,0.18
158,154,1.68
158,155,0.3
158,156,0.06
158,157,1.26
158,158,0.06
158,160,0.06
158,162,0.18
158,180,0.6
158,181,2.52
158,183,1.32
159,80,0.48
159,82,0.06
159,102,0.12
159,128,0.12
159,132,0.12
159,142,0.18
159,145,0.6
159,146,0.24
159,149,0.24
159,154,0.66
159,155,0.12
159,156,0.9
159,157,0.36
159,159,0.06
159,160,0.12
159,161,0.72
159,163,0.18
159,166,0.12
159,167,0.42
159,180,0.78
159,181,1.38
159,183,0.6
159,187,0.12
160,72,0.18
160,88,0.12
160,128,0.06
160,129,0.36
160,139,1.14
160,142,0.48
160,144,0.06
160,147,1.56
160,148,0.36
160,150,0.06
160,154,0.18
160,156,0.18
160,157,0.18
160,158,0.36
160,159,0.06
160,160,0.06
160,161,0.06
160,162,0.06
160,164,0.12
160,180,0.18
160,181,0.54
160,183,4.08
160,189,0.3
160,191,0.78
161,15,0.12
161,44,0.6
161,47,0.12
161,48,0.18
161,73,0.3
161,74,0.18
161,78,0.06
161,82,0.18
161,94,0.06
161,107,0.06
161,132,0.06
161,134,0.12
161,135,0.18
161,137,0.42
161,138,0.42
161,139,0.12
161,141,0.3
161,143,0.18
161,145,0.84
161,147,0.42
161,149,0.36
161,150,0.54
161,152,0.3
161,156,0.12
161,164,0.18
161,165,0.54
161,166,0.12
161,167,0.42
161,172,0.3
161,175,0.18
161,180,1.2
162,73,0.18
162,100,0.12
162,107,0.06
162,132,0.06
162,139,0.06
162,142,1.32
162,145,0.18
162,147,0.6
162,150,0.84
162,151,2.16
162,153,0.06
162,154,0.06
162,156,0.12
162,157,0.3
162,162,0.6
162,163,0.24
162,165,0.36
162,166,0.18
162,167,0.06
162,168,0.66
162,190,0.42
163,80,0.12
163,132,0.36
163,142,0.12
163,143,0.36
163,145,0.24
163,147,0.3
163,149,0.42
163,150,0.54
163,151,0.24
163,152,0.24
163,153,0.78
163,154,0.24
163,155,0.12
163,157,0.36
163,158,0.3
163,159,0.06
163,160,0.48
163,162,0.18
163,163,0.06
163,164,0.78
163,166,0.24
163,167,0.12
163,168,0.42
163,180,0.54
163,181,1.62
163,182,0.36
163,183,0.18
164,80,0.18
164,81,0.18
164,82,0.06
164,100,0.06
164,115,0.12
164,132,0.54
164,135,0.18
164,136,0.24
164,140,0.18
164,141,0.24
164,143,0.24
164,149,0.06
164,150,0.12
164,155,0.12
164,156,0.6
164,157,0.06
164,158,0.36
164,160,0.06
164,161,0.18
164,162,0.12
164,164,0.06
164,165,0.6
164,167,0.96
164,168,0.24
164,171,0.12
164,181,1.5
165,80,0.12
165,141,0.18
165,142,0.12
165,145,0.3
165,146,0.18
165,149,0.78
165,154,0.3
165,155,0.48
165,156,1.08
165,158,0.12
165,159,0.18
165,160,0.36
165,161,0.12
165,162,0.36
165,165,0.06
165,166,0.36
165,168,0.06
165,180,0.18
165,181,1.56
165,183,0.6
165,187,0.3
167,132,0.06
167,134,0.06
167,140,0.06
167,144,0.06
167,173,0.18
167,174,0.06
167,175,0.12
168,132,0.54
168,134,0.24
168,136,0.18
168,140,0.84
168,141,0.3
168,144,0.54
168,169,0.06
168,172,0.36
168,173,0.12
168,174,0.24
168,175,0.42
168,176,2.34
168,177,0.24
168,183,0.96
168,187,0.3
169,19,0.12
169,132,0.3
169,133,0.54
169,135,0.72
169,140,0.96
169,169,0.66
169,171,2.82
169,173,0.6
169,174,0.72
169,175,0.18
169,176,1.08
169,177,0.78
169,178,0.18
169,179,0.24
169,181,0.48
169,183,0.48
169,187,1.56
170,133,0.48
170,134,0.9
170,144,0.42
170,171,1.62
170,172,1.38
170,174,0.96
170,175,2.88
170,176,1.02
170,177,0.24
170,180,0.06
170,186,0.96
171,133,0.66
171,136,0.48
171,169,0.54
171,170,0.3
171,172,1.56
171,173,1.92
171,175,0.36
171,176,0.3
171,178,1.2
171,179,1.86
171,186,1.62
171,187,0.66
171,190,0.24
172,2,0.18
172,17,0.96
172,18,0.84
172,19,1.92
172,20,0.18
172,133,0.66
172,134,0.6
172,138,0.12
172,140,0.06
172,143,0.06
172,144,0.18
172,169,1.32
172,171,1.2
172,173,0.3
172,174,0.78
172,175,1.38
172,176,0.78
172,177,0.24
172,179,0.72
172,186,1.62
172,187,0.66
173,132,0.6
173,133,0.72
173,135,0.78
173,136,0.78
173,137,0.3
173,138,0.42
173,140,0.36
173,141,0.48
173,144,0.96
173,169,0.18
173,171,0.54
173,172,0.96
173,173,1.08
173,175,2.4
173,183,0.18
174,86,0.12
174,132,0.06
174,134,0.18
174,135,0.12
174,140,0.3
174,141,0.18
174,143,0.18
174,144,0.6
174,156,0.36
174,166,0.42
174,172,1.2
174,174,0.36
174,175,0.24
174,176,0.18
174,178,0.12
174,180,0.18
174,181,0.18
174,186,0.84
175,134,0.36
175,138,0.3
175,144,0.06
175,169,0.24
175,173,0.3
175,174,0.84
175,179,0.18
175,181,0.54
175,185,1.5
175,186,0.24
175,187,1.02
175,189,2.76
175,193,0.66
175,195,0.66
175,199,1.14
175,201,0.07
175,203,1.33
176,134,0.24
176,172,0.18
176,174,0.12
176,180,0.84
176,181,0.12
176,182,1.3
176,184,3.48
176,186,0.9
176,188,3.42
176,190,0.6
176,196,0.72
176,202,0.49
176,204,0.14
177,133,0.54
177,134,0.24
177,138,0.18
177,139,0.06
177,141,0.12
177,142,0.24
177,144,0.12
177,145,0.18
177,146,0.06
177,148,0.18
177,150,0.48
177,155,0.06
177,157,0.48
177,158,0.12
177,159,0.12
177,160,0.06
177,162,0.12
177,168,0.06
177,176,0.18
177,178,0.06
177,179,0.6
177,181,0.3
177,182,3.48
177,184,1.2
177,186,0.42
177,190,0.6
177,194,0.36
177,196,0.6
177,197,0.78
178,133,0.3
178,134,0.06
178,136,0.12
178,138,0.12
178,141,0.12
178,143,0.6
178,144,0.12
178,146,0.06
178,154,0.36
178,159,0.12
178,161,0.12
178,162,0.12
178,165,0.18
178,166,0.12
178,167,0.48
178,178,0.36
178,180,0.12
178,183,0.3
178,185,1.38
178,187,1.08
178,191,1.32
178,195,0.3
178,198,0.54
179,146,0.12
179,147,0.78
179,160,0.06
179,165,0.06
179,179,4.74
179,180,1.15
179,184,0.42
179,186,0.36
179,188,1.24
179,190,0.6
179,192,0.42
179,194,0.66
179,196,0.72
179,197,1.62
179,202,2.45
180,149,0.06
180,154,0.06
180,159,0.06
180,160,0.06
180,161,0.06
180,163,0.06
180,173,0.06
180,178,2.63
180,181,0.72
180,185,0.3
180,187,0.48
180,189,4.69
180,193,0.72
180,195,0.6
180,198,0.18
180,199,0.18
180,201,0.49
180,203,1.05
181,134,0.54
181,179,1.86
181,180,1.32
181,182,1.14
181,186,0.72
181,188,0.18
182,134,0.18
182,167,0.06
182,178,1.14
182,181,1.32
182,183,1.74
182,187,1.2
182,189,0.12
182,197,0.12
183,133,0.24
183,134,0.18
183,138,0.12
183,143,0.06
183,175,0.24
183,177,0.24
183,179,0.6
183,180,0.3
183,182,0.12
183,184,0.6
183,186,0.12
183,187,0.12
183,188,1.2
183,192,0.06
183,194,0.36
183,196,0.66
184,106,0.18
184,133,0.72
184,134,0.36
184,138,0.06
184,144,0.06
184,159,0.06
184,162,0.18
184,172,0.06
184,173,0.12
184,174,0.54
184,177,0.12
184,178,0.66
184,181,0.66
184,183,0.42
184,186,0.06
184,189,0.6
184,193,0.36
184,195,0.36
184,199,0.36
185,133,0.14
185,179,0.42
185,182,1.08
185,190,0.3
185,192,0.66
185,194,0.54
185,197,0.18
185,202,0.28
186,142,0.12
186,178,2.41
186,180,0.12
186,182,0.3
186,183,1.92
186,185,0.06
186,187,0.06
186,192,0.24
186,193,0.78
186,195,0.36
186,196,0.12
186,197,0.3
186,198,0.84
186,199,3.27
186,200,0.06
186,201,0.07
187,142,0.12
187,180,0.12
187,182,0.3
187,192,0.24
187,196,0.12
187,197,0.3
188,159,0.12
188,181,0.18
188,183,0.18
188,187,0.18
188,189,1.14
188,193,0.96
188,199,0.18
188,200,0.42
189,139,0.12
189,151,0.12
189,179,0.36
189,182,1.56
189,186,0.06
189,188,0.48
189,190,0.18
189,194,0.06
190,183,0.3
190,189,1.02
190,191,0.36
190,195,0.12
190,200,0.18
191,188,0.78
191,190,0.12
191,192,0.06
192,178,2.22
192,181,0.48
192,189,0.06
192,191,0.06
192,193,0.18
192,199,0.9
193,179,0.42
193,180,0.18
193,181,1.56
193,182,0.12
193,185,0.24
193,188,0.12
194,180,0.36
194,181,2.52
194,182,0.18
194,183,0.6
194,185,0.12
194,188,0.06
194,190,0.12
194,192,0.12
195,183,0.12
195,189,0.54
195,191,0.18
196,178,0.66
196,181,0.18
196,183,0.6
196,187,0.3
196,189,0.97
196,195,1.14
196,201,0.21
197,191,0.06
197,193,0.36
198,189,0.14
198,203,0.14
199,179,0.49
199,182,0.42
199,188,0.35
200,178,1.68
200,183,0.07
201,2,0.06
201,7,0.06
201,11,0.06
201,76,0.12
201,81,0.66
201,83,0.12
201,84,0.06
201,132,3.42
201,133,2.16
201,134,0.96
201,142,0.12
201,143,0.18
201,144,1.02
201,151,0.06
201,160,0.06
201,163,0.06
201,172,0.3
201,173,0.9
201,174,0.06
201,178,0.6
201,179,0.44
201,180,1.26
201,181,0.36
201,182,2.5
201,186,8.04
201,187,0.84
201,188,3.17
201,190,0.18
201,192,0.54
201,194,0.18
202,0,0.06
202,2,0.06
202,3,0.06
202,74,0.12
202,75,0.06
202,76,0.18
202,78,0.48
202,79,0.54
202,80,0.12
202,81,1.5
202,82,0.42
202,83,0.54
202,84,0.84
202,98,0.24
202,132,1.26
202,133,0.72
202,134,1.14
202,140,0.24
202,143,0.06
202,144,1.5
202,171,1.14
202,172,1.32
202,173,1.38
202,175,0.84
202,176,1.44
202,178,2.36
202,180,0.24
202,181,2.64
202,183,0.81
202,185,0.36
202,187,5.64
202,189,5.98
202,193,0.3
202,198,0.18
202,199,1.0
202,201,0.77
202,203,0.35
203,55,0.06
203,84,2.04
203,125,0.06
203,128,0.06
203,133,0.18
203,134,0.36
203,137,0.06
203,139,1.62
203,142,0.12
203,160,0.06
203,172,0.24
203,174,0.18
203,175,0.9
203,176,0.24
203,179,1.09
203,180,0.78
203,181,0.12
203,182,1.69
203,186,5.28
203,187,0.24
203,188,1.96
203,202,0.35
204,74,0.06
204,75,0.3
204,79,0.12
204,80,0.12
204,82,0.18
204,84,0.24
204,133,0.42
204,135,0.12
204,138,0.3
204,140,0.06
204,172,0.18
204,173,0.18
204,175,0.48
204,176,0.84
204,177,0.24
204,178,3.23
204,180,0.42
204,181,1.44
204,183,6.2
204,185,0.06
204,187,3.3
204,189,4.73
204,191,0.06
204,193,0.12
204,195,0.18
204,198,0.36
204,199,0.3
204,201,0.07
204,203,0.07
